M0_Ftr0_v,M0_Ftr1_v,M0_Ftr2_v,M0_Ftr3_v,M0_Ftr4_v,M1_Ftr5_v,M1_Ftr6_v,M1_Ftr7_v,M2_Ftr8_v,Result
1.278588975180874,3736.5436569389885,448.7638216059872,192.25619988239816,427.0562325185016,51.73305397156771,197.67533865364086,207.56673168265468,224831.07581235582,Fail
1.6207654507767522,3446.5515801458487,370.6754967804695,186.82345708422895,472.4317661108009,46.51906907736682,192.71642019911926,397.07042591658023,205409.26499834616,Success
1.6523780603097955,3378.689442799403,369.6012447557231,187.5456291572761,386.47962896036813,50.950066450337246,190.23042925089422,394.8463607050708,209797.36149074687,Success
1.618328079797227,3432.0703271851007,378.4924522670838,191.203857456353,393.89878602453007,48.79191748382165,187.52770305057504,307.8718411749833,194299.60647391435,Success
1.3866576777150763,4004.7551135566946,439.60125257570456,169.39384688442428,365.67251374763714,52.467258965878365,193.0867736032678,313.4277293871585,200788.31559816765,Fail
