S0_Ftr0_v,S0_Ftr1_v,S0_Ftr2_v,S0_Ftr3_v,S0_Ftr4_v,S1_Ftr5_v,S1_Ftr6_v,S1_Ftr7_v,S2_Ftr8_v,Result
1.4983870684564378,3817.8554871236893,465.32744323455165,218.23597677693039,369.7461547879006,,,,,Fail
,,,,,50.43361938021695,191.51747804837925,466.17467758582444,,Fail
,,,,,,,,,Fail
,,,,,,,,,Fail
